"Density","Momentum:0","Momentum:1","Momentum:2","Energy","Grid_Velocity:0","Grid_Velocity:1","Grid_Velocity:2","Pressure","Temperature","Mach","Pressure_Coefficient","Points:0","Points:1","Points:2"
0.00030741,0.0035573,-0.018652,0.0038618,872.03,-0.010757,0,-0.64273,348.53,660.33,0.053334,-0.6316,1.3332,1.6,-0.017291
0.00033318,0.011963,-0.019233,0.0060729,949.23,-0.012048,0,-0.64271,379.36,663.34,0.055748,-0.51256,1.3332,1.6,-0.019368
0.0003345,0.0091701,-0.023272,-0.0098121,958.24,-0.0066884,0,-0.64279,382.86,666.81,0.063457,-0.49905,1.3333,1.6,-0.010752
0.00032135,0.005612,-0.022001,-0.0067358,916.7,-0.0074335,0,-0.64278,366.3,663.81,0.059926,-0.56299,1.3333,1.6,-0.011949
0.00028961,-0.0026073,-0.018572,0.0012029,818,-0.0094764,0,-0.64275,326.95,657.7,0.051728,-0.71492,1.3332,1.6,-0.015233
0.00035153,0.0074782,-0.025063,-0.0064669,1020,-0.0065124,0,-0.64203,407.58,674.63,0.061881,-0.40363,1.3321,1.6,-0.010469
0.00038949,0.0031823,-0.029288,0.0010712,1157.8,-0.006117,0,-0.64033,462.68,692.06,0.058701,-0.19087,1.3293,1.6,-0.0098331
0.00040188,-0.0032818,-0.030816,0.0017486,1218.4,-0.0057688,0,-0.63884,486.85,705.42,0.060321,-0.097574,1.3269,1.6,-0.0092734
0.00041222,-0.0085744,-0.032047,0.0025703,1267.4,-0.0055073,0,-0.63772,506.42,715.72,0.061552,-0.021991,1.3251,1.6,-0.008853
0.0004121,-0.012151,-0.032454,0.0028114,1280.5,-0.0052422,0,-0.63658,511.6,723.25,0.064448,-0.0020122,1.3233,1.6,-0.0084269
0.00041165,-0.018158,-0.033155,0.0036025,1301.9,-0.0048024,0,-0.63469,520.04,735.98,0.069377,0.030593,1.3203,1.6,-0.0077199
0.00040823,-0.023303,-0.033811,0.0045398,1307.4,-0.0043532,0,-0.63274,522.09,745.16,0.075956,0.038475,1.3171,1.6,-0.0069978
0.00040452,-0.029622,-0.034868,0.0057406,1315.8,-0.0038075,0,-0.63038,525.29,756.5,0.084565,0.050832,1.3133,1.6,-0.0061206
0.00039797,-0.036381,-0.036325,0.007022,1317.9,-0.0031111,0,-0.62734,525.8,769.82,0.096111,0.052824,1.3085,1.6,-0.0050012
0.00039422,-0.040051,-0.03713,0.0077095,1318.3,-0.0027299,0,-0.62567,525.8,777.03,0.10241,0.052799,1.3058,1.6,-0.0043883
0.00039043,-0.04278,-0.037926,0.0081703,1318.6,-0.0024003,0,-0.62422,525.72,784.68,0.10786,0.052522,1.3034,1.6,-0.0038585
0.00038201,-0.049817,-0.040281,0.0096607,1322.9,-0.0015863,0,-0.62063,526.98,803.68,0.12208,0.057368,1.2977,1.6,-0.00255
0.00037297,-0.056404,-0.043472,0.01061,1330.9,-0.00076213,0,-0.61695,529.56,827.46,0.13701,0.06735,1.2918,1.6,-0.0012251
0.00036766,-0.060834,-0.045638,0.011446,1338.5,-0.00020509,0,-0.61446,532.18,843.26,0.14698,0.077466,1.2878,1.6,-0.00032968
0.00036379,-0.064895,-0.047773,0.012444,1352.8,0.00035562,0,-0.61192,537.41,861.14,0.15594,0.097657,1.2837,1.6,0.00057166
0.00035377,-0.074749,-0.053492,0.014845,1384.4,0.0016824,0,-0.6059,548.86,903.84,0.17861,0.14184,1.274,1.6,0.0027045
0.00034638,-0.084142,-0.058787,0.016885,1430.7,0.0032547,0,-0.59862,566.02,952.28,0.19854,0.20809,1.2623,1.6,0.0052319
0.00034445,-0.086868,-0.060433,0.0175,1444.9,0.0037059,0,-0.59652,571.27,966.23,0.20437,0.22839,1.2589,1.6,0.0059573
0.00034323,-0.088839,-0.061649,0.017882,1458,0.0041562,0,-0.59438,576.19,978.15,0.20828,0.24736,1.2555,1.6,0.0066812
0.00033858,-0.096423,-0.066997,0.019415,1506.4,0.0058663,0,-0.58627,594.18,1022.4,0.22427,0.31682,1.2424,1.6,0.0094302
0.00033444,-0.10025,-0.070368,0.020337,1533.9,0.0074783,0,-0.57836,604.31,1053,0.23341,0.35594,1.2297,1.6,0.012021
0.00033164,-0.10305,-0.072941,0.020912,1554.2,0.0085999,0,-0.57287,611.8,1074.8,0.24016,0.38486,1.2209,1.6,0.013824
0.00032981,-0.1039,-0.074051,0.021153,1558.6,0.0093907,0,-0.56886,613.28,1083.4,0.24311,0.39057,1.2145,1.6,0.015096
0.00032042,-0.10544,-0.076805,0.021761,1554.7,0.012092,0,-0.55499,610.95,1111,0.2527,0.38157,1.1921,1.6,0.019439
0.00031394,-0.10492,-0.076637,0.021802,1532.7,0.013655,0,-0.54671,602.01,1117.1,0.25622,0.34706,1.1788,1.6,0.02195
0.00029919,-0.10196,-0.075301,0.020825,1464.8,0.016245,0,-0.53273,574.86,1119.6,0.26197,0.24225,1.1564,1.6,0.026114
0.00027801,-0.096475,-0.070781,0.019585,1350.1,0.019324,0,-0.51557,529.47,1109.2,0.26716,0.066991,1.1288,1.6,0.031064
0.00015375,-0.055269,-0.039476,0.0061901,673.66,0.032915,0,-0.43243,263.41,998.2,0.28644,-0.96024,0.99513,1.6,0.052911
0.00015598,-0.056155,-0.040059,0.0065253,684.2,0.032544,0,-0.43486,267.52,998.9,0.28664,-0.94437,0.99905,1.6,0.052315
0.00020039,-0.063991,-0.04819,0.0089514,1028.1,0.042652,0,-0.35992,404.77,1176.8,0.23922,-0.41447,0.87858,1.6,0.068563
0.00019634,-0.063377,-0.047513,0.0082965,1001.6,0.041972,0,-0.36551,394.16,1169.2,0.2423,-0.45544,0.88756,1.6,0.06747
0.00026834,-0.093624,-0.068723,0.01889,1295.6,0.020553,0,-0.50865,507.93,1102.9,0.26951,-0.016159,1.1177,1.6,0.033039
0.00015371,-0.055039,-0.039382,0.005855,678.33,0.033512,0,-0.42827,265.33,1005.7,0.28434,-0.95286,0.98845,1.6,0.053871
0.00024469,-0.08619,-0.062903,0.01654,1161.2,0.022976,0,-0.49446,454.96,1081.5,0.27415,-0.22069,1.0948,1.6,0.036934
0.00017478,-0.058882,-0.043354,0.0051829,855.62,0.039557,0,-0.38487,336.09,1119.8,0.25574,-0.67962,0.91868,1.6,0.063588
0.00016065,-0.055466,-0.040389,0.0042944,753.22,0.037726,0,-0.39851,295.4,1069.8,0.26745,-0.83675,0.9406,1.6,0.060645
0.00019857,-0.061038,-0.046479,0.0093817,1004.3,0.045108,0,-0.33796,395.72,1161,0.23301,-0.44941,0.84327,1.6,0.072511
0.00037572,0.55543,0.01061,0.019449,1017.2,0.055384,0,-0.026704,242.4,375.89,1.5567,-1.0414,0.34293,1.6,0.089031
0.00036324,0.53008,0.0097288,0.012772,990.63,0.05593,0,-0.045306,241.38,387.3,1.5134,-1.0453,0.37283,1.6,0.089908
0.00018247,-0.065725,-0.047166,0.0097293,813.94,0.029049,0,-0.45766,318.29,1016.5,0.28601,-0.74836,1.0357,1.6,0.046697
0.00021401,-0.076483,-0.055182,0.013369,988.22,0.026038,0,-0.47626,386.81,1051.3,0.27998,-0.48383,1.0656,1.6,0.041857
0.00035167,0.50572,0.0086828,0.0085108,966.14,0.056225,0,-0.059792,240.91,399.2,1.4687,-1.0471,0.39612,1.6,0.090383
0.00032776,0.45442,0.0062576,0.0036614,915.81,0.056497,0,-0.083359,240.23,427.54,1.3681,-1.0498,0.434,1.6,0.090819
0.00031373,0.42408,0.0046707,0.001647,885.98,0.056568,0,-0.095525,239.7,445.4,1.3067,-1.0518,0.45356,1.6,0.090934
0.00027552,0.34161,0.00036393,-0.0018592,805.28,0.056546,0,-0.12179,237.26,503.01,1.1275,-1.0612,0.49578,1.6,0.090898
0.00026129,0.3107,-0.0013867,-0.002844,775.02,0.056483,0,-0.13072,236.04,526.91,1.0565,-1.0659,0.51014,1.6,0.090797
0.00021584,0.21016,-0.0071327,-0.0043682,682.43,0.056087,0,-0.15742,231.68,627.82,0.7921,-1.0827,0.55305,1.6,0.09016
0.00020456,0.18407,-0.00881,-0.0044205,660.54,0.055938,0,-0.16441,230.86,658.29,0.71597,-1.0859,0.56429,1.6,0.089921
0.00017043,0.097733,-0.014824,-0.0031519,606.64,0.055207,0,-0.19033,230.78,791.24,0.41973,-1.0862,0.60595,1.6,0.088746
0.00016416,0.080282,-0.016229,-0.0027088,598.51,0.055004,0,-0.19627,231.09,820.5,0.35563,-1.085,0.6155,1.6,0.088419
0.00014657,0.024606,-0.02115,-0.00080674,586.4,0.053987,0,-0.22131,232.87,926.64,0.1528,-1.0782,0.65576,1.6,0.086784
0.00014319,0.0148,-0.022034,-0.00054274,582.3,0.053736,0,-0.22668,231.88,943.5,0.1264,-1.082,0.66439,1.6,0.086381
0.00013196,-0.013775,-0.024517,-6.1294e-05,562.07,0.052449,0,-0.25082,223.55,987.26,0.14219,-1.1141,0.7032,1.6,0.084313
0.00013049,-0.018069,-0.024976,5.8461e-05,559.73,0.052151,0,-0.25576,222.42,992.98,0.15315,-1.1185,0.71114,1.6,0.083833
0.0001313,-0.031211,-0.027502,0.0010263,578.82,0.050582,0,-0.27866,228.87,1015.5,0.20301,-1.0936,0.74795,1.6,0.081311
0.0001337,-0.033625,-0.028411,0.0014201,593.85,0.05025,0,-0.28302,234.64,1022.4,0.21002,-1.0714,0.75496,1.6,0.080777
0.00015882,-0.045929,-0.035481,0.0047896,747.66,0.048402,0,-0.30493,294.79,1080.5,0.22737,-0.8391,0.79018,1.6,0.077806
0.00015201,-0.053388,-0.038562,0.0041494,690.34,0.036395,0,-0.40831,270.4,1036.3,0.27516,-0.93325,0.95636,1.6,0.058505
0.0001641,-0.047857,-0.036898,0.0053972,779.03,0.048098,0,-0.30829,307.13,1090.2,0.22844,-0.79147,0.79557,1.6,0.077317
0.00019756,-0.060182,-0.045928,0.0093999,995.24,0.045681,0,-0.33279,392.2,1156.4,0.23161,-0.463,0.83496,1.6,0.073432
0.00019846,-0.06053,-0.046197,0.009494,1001.2,0.045591,0,-0.33366,394.56,1158.2,0.23176,-0.45388,0.83636,1.6,0.073288
0.00022679,-0.08044,-0.058574,0.014843,1058.5,0.024861,0,-0.48347,414.47,1064.8,0.27756,-0.37703,1.0772,1.6,0.039964
0.00037588,0.024789,-0.02081,-0.0048077,1075.9,-0.011741,0,-0.64145,429.7,665.75,0.071542,-0.31823,1.3311,1.6,-0.018875
0.0004165,0.037048,-0.022307,-0.0152,1196.8,-0.011448,0,-0.64025,477.72,668.22,0.086852,-0.1328,1.3292,1.6,-0.018403
0.00042841,0.044699,-0.022102,-0.015234,1234.3,-0.011122,0,-0.63886,492.44,669.62,0.095998,-0.075972,1.327,1.6,-0.017879
0.00043556,0.050161,-0.021856,-0.015114,1257.8,-0.010888,0,-0.63785,501.66,671,0.10264,-0.040392,1.3254,1.6,-0.017503
0.00043326,0.061309,-0.019837,-0.015613,1250.8,-0.010418,0,-0.63572,498.26,669.99,0.12093,-0.053512,1.3219,1.6,-0.016747
0.00043175,0.066024,-0.018949,-0.015712,1246.9,-0.010217,0,-0.63481,496.46,669.89,0.12867,-0.060473,1.3205,1.6,-0.016424
0.00043172,0.067102,-0.018789,-0.015801,1246.5,-0.010172,0,-0.6346,496.24,669.65,0.13047,-0.061324,1.3201,1.6,-0.016351
0.00043206,0.068969,-0.018456,-0.015922,1245.7,-0.010087,0,-0.63418,495.8,668.53,0.13365,-0.063026,1.3195,1.6,-0.016215
0.0004354,0.086302,-0.015282,-0.017021,1239.4,-0.0092948,0,-0.63028,492.1,658.45,0.16302,-0.077301,1.3132,1.6,-0.014942
0.00044261,0.096687,-0.012962,-0.017286,1254.6,-0.0086051,0,-0.62651,497.4,654.72,0.17842,-0.056822,1.3071,1.6,-0.013833
0.00044442,0.099302,-0.01241,-0.01735,1258.4,-0.0084323,0,-0.62556,498.7,653.75,0.18234,-0.051809,1.3056,1.6,-0.013555
0.00044578,0.10051,-0.012039,-0.017154,1263.3,-0.008301,0,-0.62476,500.6,654.23,0.18368,-0.044476,1.3043,1.6,-0.013344
0.00045303,0.10646,-0.010138,-0.016072,1290.7,-0.0076216,0,-0.62056,511.1,657.27,0.18995,-0.0039286,1.2976,1.6,-0.012252
0.00045753,0.10795,-0.0093104,-0.014833,1310.2,-0.0072356,0,-0.61781,518.84,660.63,0.18974,0.025935,1.2931,1.6,-0.011631
0.00046229,0.10959,-0.0082336,-0.013188,1331.3,-0.0067482,0,-0.61429,527.23,664.43,0.18949,0.058347,1.2875,1.6,-0.010848
0.00046912,0.10938,-0.0064599,-0.010033,1367.8,-0.0059582,0,-0.60714,541.96,673,0.18447,0.11519,1.276,1.6,-0.0095779
0.00047072,0.10939,-0.0060973,-0.0093616,1376.1,-0.0057878,0,-0.6056,545.3,674.88,0.18344,0.12809,1.2735,1.6,-0.0093039
0.00047242,0.10922,-0.005927,-0.0087716,1385.4,-0.005677,0,-0.60418,549.06,677.05,0.18215,0.14261,1.2712,1.6,-0.0091258
0.00048179,0.10808,-0.0049246,-0.0053872,1437.1,-0.0050452,0,-0.59608,569.97,689.21,0.17472,0.22334,1.2582,1.6,-0.0081102
0.00049421,0.10729,-0.004469,-0.0026691,1505.3,-0.0046314,0,-0.58726,597.45,704.25,0.16709,0.32945,1.244,1.6,-0.007445
0.00049498,0.10724,-0.004433,-0.002445,1509.6,-0.0046046,0,-0.58667,599.2,705.24,0.16661,0.3362,1.2431,1.6,-0.007402
0.00050669,0.10719,-0.0040775,0.0022558,1579.6,-0.0044633,0,-0.57613,627.3,721.15,0.16092,0.44469,1.2261,1.6,-0.0071747
0.00051017,0.10712,-0.0039632,0.0031988,1599.2,-0.0044332,0,-0.57332,635.18,725.33,0.15922,0.47512,1.2216,1.6,-0.0071264
0.00051594,0.10685,-0.0037889,0.0040004,1634.1,-0.0045926,0,-0.56761,649.2,732.89,0.15635,0.52927,1.2124,1.6,-0.0073826
0.00052813,0.10645,-0.0034882,0.0056414,1707.2,-0.0049218,0,-0.55581,678.56,748.53,0.15058,0.64262,1.1935,1.6,-0.0079118
0.00053285,0.10605,-0.0031462,0.0072969,1743.5,-0.0056901,0,-0.54479,693.17,757.79,0.14793,0.69903,1.1757,1.6,-0.0091469
0.00053676,0.10577,-0.0028367,0.0085129,1772.4,-0.0062682,0,-0.53649,704.75,764.92,0.14587,0.74375,1.1624,1.6,-0.010076
0.00083288,0.0020593,0.029074,0.1421,2014.1,0.0026847,0,0.18667,800.6,560.01,0.15013,1.1138,-7.3341e-05,1.6,0.0043157
0.00081934,0.027426,0.028328,0.22428,1987.7,0.0044535,0,0.18651,781.33,555.51,0.24217,1.0394,0.00018607,1.6,0.0071591
0.00056493,0.51674,0.019697,0.43693,1479.9,0.022578,0,0.17655,429.28,443.02,1.1613,-0.31983,0.016197,1.6,0.036294
0.00053557,0.49797,0.018595,0.38699,1399,0.023282,0,0.17572,410.95,447.02,1.1366,-0.39061,0.017533,1.6,0.037426
0.00071073,0.40043,0.02448,0.60445,1822.2,0.016376,0,0.18211,579.83,475.12,0.95801,0.26141,0.0072587,1.6,0.026324
0.00070239,0.44424,0.024285,0.6199,1814,0.017292,0,0.18151,559.81,464.33,1.0284,0.18414,0.0082172,1.6,0.027797
0.0006855,0.48179,0.023824,0.60901,1781.2,0.018261,0,0.18075,535.54,454.88,1.0874,0.090431,0.00944,1.6,0.029354
0.00073891,0.25911,0.025061,0.53157,1851.4,0.01318,0,0.18396,645.75,509.14,0.72419,0.51594,0.0042894,1.6,0.021187
0.00073107,0.29942,0.024893,0.55671,1843.7,0.014121,0,0.18345,627.03,499.55,0.79208,0.44365,0.0051056,1.6,0.0227
0.00074909,0.2225,0.025396,0.50107,1866.4,0.012174,0,0.1844,665.2,517.21,0.6594,0.59103,0.0035814,1.6,0.01957
0.00078963,0.10317,0.02673,0.38188,1934.6,0.0084627,0,0.18576,734.01,541.55,0.44014,0.85672,0.0013857,1.6,0.013604
0.000776,0.13957,0.026258,0.42184,1910.5,0.0096701,0,0.18536,712.08,534.46,0.50853,0.77204,0.0020348,1.6,0.015545
0.00063979,0.5345,0.022458,0.55767,1678.1,0.020374,0,0.1789,484.1,440.65,1.176,-0.1082,0.012409,1.6,0.032751
0.00060906,0.54514,0.021367,0.51201,1601.6,0.021522,0,0.17779,456.8,436.94,1.1988,-0.21358,0.014196,1.6,0.034597
0.0008023,0.06797,0.027402,0.31793,1956.5,0.0067343,0,0.18614,754.91,548.1,0.3563,0.93741,0.0007831,1.6,0.010825
0.0007215,0.34862,0.024669,0.5874,1834.2,0.015271,0,0.18283,604.17,487.85,0.87495,0.3554,0.0061028,1.6,0.024548
0.00066739,0.52577,0.02333,0.59919,1747.2,0.019347,0,0.1799,508.29,443.7,1.1572,-0.014791,0.010812,1.6,0.0311
0.00076138,0.17864,0.025733,0.46471,1884.6,0.010966,0,0.18492,688.55,526.86,0.58191,0.68119,0.0027313,1.6,0.017628
0.00081186,0.041477,0.027863,0.26981,1973,0.0054335,0,0.18642,770.67,553.03,0.29318,0.99825,0.00032972,1.6,0.0087344
0.00084397,-0.0045673,0.029904,0.084974,2039,0.00063636,0,0.18659,813.26,561.38,0.093614,1.1627,5.7212e-05,1.6,0.001023
0.00077395,0.2155,0.028381,-0.24539,1888.2,-0.014748,0,0.18009,727.5,547.62,0.36922,0.83155,0.01051,1.6,-0.023708
0.00078316,0.20155,0.02882,-0.24484,1909.1,-0.014046,0,0.18065,737.65,548.71,0.35468,0.87076,0.0096,1.6,-0.022579
0.00079793,0.17916,0.029359,-0.24381,1942.8,-0.01291,0,0.18157,753.94,550.47,0.33123,0.93367,0.0081282,1.6,-0.020753
0.00080939,0.152,0.029978,-0.23092,1967.6,-0.01169,0,0.18239,767.78,552.61,0.29874,0.9871,0.0068126,1.6,-0.018792
0.00082111,0.11667,0.030448,-0.20465,1992.2,-0.010164,0,0.18332,782.83,555.41,0.25096,1.0452,0.0053168,1.6,-0.016338
0.00082913,0.085599,0.030626,-0.17421,2008.2,-0.0088669,0,0.18403,793.96,557.87,0.2047,1.0881,0.0041687,1.6,-0.014254
0.00083731,0.055948,0.030858,-0.12965,2025.1,-0.0074559,0,0.18465,804.64,559.84,0.14968,1.1294,0.0031732,1.6,-0.011985
0.00084601,0.025931,0.030901,-0.073815,2043.8,-0.0056271,0,0.18534,815.4,561.51,0.088259,1.171,0.002067,1.6,-0.0090456
0.00085254,0.0045378,0.030782,-0.023122,2058.3,-0.0039179,0,0.18589,822.96,562.37,0.039118,1.2001,0.0011793,1.6,-0.0062981
0.0008504,-0.003577,0.03049,0.029957,2053.4,-0.0015678,0,0.18632,820.58,562.15,0.056912,1.1909,0.00048114,1.6,-0.0025203
0.00081628,0.13547,0.030237,-0.22308,1982.6,-0.010947,0,0.18288,776.12,553.92,0.27899,1.0193,0.0060109,1.6,-0.017598
0.00084222,0.038333,0.03088,-0.1032,2035.3,-0.0066174,0,0.18502,811.03,561.01,0.11692,1.1541,0.0025815,1.6,-0.010638
0.00084934,-0.0077696,0.030257,0.057359,2051,-0.00035407,0,0.18655,819.4,562.04,0.066174,1.1864,0.00012041,1.6,-0.00056917
0.00052236,0.50226,0.017987,0.36596,1366.8,0.023943,0,0.17479,398.49,444.32,1.1533,-0.43873,0.019021,1.6,0.038489
0.00047885,0.52181,0.015735,0.28868,1262.1,0.027327,0,0.16937,356.15,433.29,1.2212,-0.60218,0.027736,1.6,0.043929
0.00047275,0.52494,0.015383,0.27508,1247.4,0.02806,0,0.16802,350.26,431.64,1.2313,-0.62493,0.029903,1.6,0.045106
0.00047008,0.52769,0.015281,0.26686,1241.1,0.028664,0,0.16683,347.53,430.7,1.237,-0.63547,0.031822,1.6,0.046077
0.00046604,0.53166,0.01515,0.25396,1231.5,0.029623,0,0.16487,343.49,429.38,1.2451,-0.65107,0.034964,1.6,0.04762
0.00046386,0.53365,0.015062,0.24655,1226.2,0.030181,0,0.1637,341.39,428.77,1.2489,-0.65917,0.036848,1.6,0.048516
0.00050166,0.50913,0.016941,0.33307,1316.5,0.02498,0,0.17334,378.9,440.02,1.1799,-0.51437,0.021356,1.6,0.040155
0.00049129,0.51508,0.016387,0.31368,1291.9,0.026001,0,0.17166,368.45,436.86,1.1992,-0.5547,0.024051,1.6,0.041797
0.00046257,0.5364,0.015096,0.23997,1223.3,0.030715,0,0.16251,339.91,428.1,1.253,-0.66488,0.038761,1.6,0.049374
0.00048373,0.51942,0.015966,0.29955,1273.9,0.026746,0,0.17044,360.83,434.56,1.2134,-0.58413,0.026015,1.6,0.042994
0.00046782,0.52993,0.015167,0.26008,1235.7,0.029161,0,0.16584,345.22,429.92,1.2418,-0.64437,0.033403,1.6,0.046877
0.00046147,0.53869,0.0151,0.2345,1220.9,0.031158,0,0.16152,338.65,427.53,1.2565,-0.66975,0.040349,1.6,0.050086
0.00046043,0.5414,0.015167,0.22928,1218.8,0.031593,0,0.16049,337.22,426.69,1.2616,-0.67526,0.042006,1.6,0.050786
0.00045915,0.54467,0.015167,0.223,1216.2,0.032118,0,0.15925,335.49,425.68,1.2678,-0.68194,0.044004,1.6,0.05163
0.00045716,0.54797,0.01519,0.21699,1212.2,0.032628,0,0.15796,332.79,424.08,1.2776,-0.69239,0.046073,1.6,0.05245
0.00045546,0.55091,0.015182,0.21174,1208.8,0.033077,0,0.15683,330.44,422.67,1.2862,-0.70146,0.047892,1.6,0.053171
0.00045088,0.55392,0.014975,0.20329,1198.8,0.033669,0,0.15523,324.95,419.85,1.3035,-0.72266,0.050463,1.6,0.054123
0.00044818,0.55556,0.014823,0.19835,1192.9,0.034013,0,0.15431,321.76,418.25,1.3133,-0.73498,0.051953,1.6,0.054676
0.00044674,0.55581,0.014667,0.19624,1189.6,0.03414,0,0.15394,320.17,417.52,1.3178,-0.74109,0.052543,1.6,0.05488
0.00043712,0.55636,0.01375,0.18252,1167.3,0.034932,0,0.15164,309.95,413.1,1.3448,-0.78057,0.056245,1.6,0.056153
0.00042857,0.55948,0.013254,0.17014,1148.6,0.035878,0,0.14863,299.73,407.43,1.3796,-0.82002,0.061082,1.6,0.057675
0.00042684,0.56015,0.013133,0.16764,1144.8,0.03607,0,0.14802,297.66,406.26,1.3867,-0.82802,0.062064,1.6,0.057983
0.00042461,0.55976,0.013061,0.16443,1139.5,0.036277,0,0.14729,295.38,405.26,1.3929,-0.83681,0.063234,1.6,0.058316
0.00041539,0.55823,0.012474,0.15105,1117.7,0.037141,0,0.14425,285.99,401.11,1.4184,-0.87307,0.068111,1.6,0.059704
0.00040825,0.55578,0.012263,0.13983,1100.4,0.037975,0,0.14102,279.16,398.36,1.4352,-0.89943,0.073304,1.6,0.061045
0.00040615,0.55502,0.012169,0.13659,1095.3,0.038215,0,0.14009,277.17,397.57,1.4401,-0.90712,0.074799,1.6,0.061431
0.00040474,0.55451,0.012131,0.13394,1091.8,0.038468,0,0.13902,275.85,397.05,1.4433,-0.91224,0.076527,1.6,0.061838
0.00040016,0.55306,0.01182,0.12522,1080.7,0.039309,0,0.13545,271.51,395.28,1.4543,-0.92899,0.082257,1.6,0.063189
0.00039732,0.55181,0.011543,0.11856,1073.7,0.03999,0,0.13232,269.04,394.48,1.4594,-0.93853,0.087301,1.6,0.064284
0.00039544,0.55075,0.011352,0.11452,1068.9,0.040393,0,0.13046,267.46,394.04,1.4622,-0.94461,0.090279,1.6,0.064932
0.00039412,0.55001,0.011103,0.11095,1065.6,0.040763,0,0.12862,266.42,393.82,1.4638,-0.94863,0.093244,1.6,0.065526
0.00039091,0.54773,0.010414,0.10348,1057.5,0.041513,0,0.12486,263.96,393.39,1.4668,-0.95813,0.099291,1.6,0.066733
0.00038984,0.5478,0.010154,0.098728,1055.1,0.042193,0,0.12109,263.02,393.05,1.4694,-0.96177,0.10534,1.6,0.067826
0.00038879,0.54798,0.0097999,0.093675,1052.8,0.04292,0,0.11707,262.07,392.7,1.4722,-0.96543,0.11181,1.6,0.068995
0.00038732,0.54775,0.0095753,0.087931,1049.4,0.043725,0,0.11209,260.78,392.25,1.4755,-0.9704,0.11981,1.6,0.070288
0.0003863,0.54759,0.0093433,0.083988,1047,0.044277,0,0.10868,259.88,391.92,1.4779,-0.97389,0.1253,1.6,0.071176
0.00038565,0.54778,0.0092275,0.081006,1045.5,0.044806,0,0.10506,259.15,391.48,1.4806,-0.97671,0.13112,1.6,0.072026
0.00038459,0.54809,0.0089931,0.076176,1043.1,0.045661,0,0.099194,257.95,390.75,1.485,-0.98133,0.14055,1.6,0.073401
0.00038298,0.54873,0.0088535,0.069212,1038.8,0.046835,0,0.090275,255.71,388.98,1.4939,-0.98997,0.15488,1.6,0.075287
0.00038262,0.54877,0.008817,0.06783,1037.8,0.047066,0,0.088525,255.25,388.65,1.4956,-0.99176,0.15769,1.6,0.075659
0.00038256,0.54897,0.0088246,0.067291,1037.6,0.047152,0,0.087791,255.06,388.42,1.4966,-0.99249,0.15888,1.6,0.075798
0.00038091,0.55064,0.0088394,0.058989,1032.2,0.048434,0,0.0768,251.83,385.16,1.5114,-1.005,0.17654,1.6,0.077858
0.00038309,0.55844,0.0091696,0.053053,1036.4,0.049717,0,0.063954,250.23,380.54,1.5315,-1.0111,0.19719,1.6,0.07992
0.00038377,0.56091,0.0092758,0.051159,1037.7,0.050126,0,0.059856,249.71,379.07,1.5379,-1.0131,0.20378,1.6,0.080578
0.00038446,0.5635,0.0094439,0.048851,1038.8,0.050567,0,0.05456,249.04,377.39,1.5451,-1.0157,0.21229,1.6,0.081287
0.00038634,0.5703,0.0098707,0.043034,1042,0.051683,0,0.041154,247.43,373.11,1.5636,-1.022,0.23384,1.6,0.083081
0.00038612,0.57209,0.010227,0.037494,1040.6,0.052651,0,0.026856,245.91,371.03,1.5728,-1.0278,0.25683,1.6,0.084637
0.00038631,0.57401,0.010499,0.033966,1040.3,0.053305,0,0.017341,244.9,369.32,1.5803,-1.0317,0.27212,1.6,0.085689
0.00038539,0.57295,0.010632,0.031438,1038.1,0.053704,0,0.010174,244.3,369.3,1.5808,-1.034,0.28364,1.6,0.08633
0.00038094,0.5655,0.010783,0.02417,1028.3,0.054856,0,-0.013073,243.05,371.73,1.5724,-1.0389,0.32102,1.6,0.088182
0.00076634,0.24029,0.028247,-0.25401,1873.2,-0.01548,0,0.17939,716.81,544.89,0.40098,0.79028,0.011636,1.6,-0.024884
0.0006945,0.4758,0.024545,-0.25259,1736.4,-0.024537,0,0.16676,610.82,512.39,0.69975,0.38107,0.031932,1.6,-0.039444
0.00069537,0.47385,0.024592,-0.2535,1738.1,-0.024402,0,0.16701,612.02,512.75,0.69696,0.3857,0.031526,1.6,-0.039226
0.00070216,0.45736,0.024963,-0.26051,1751.6,-0.023337,0,0.16894,621.54,515.69,0.67415,0.42246,0.028422,1.6,-0.037515
0.00070357,0.45402,0.025085,-0.26197,1754.4,-0.023135,0,0.1693,623.47,516.25,0.66969,0.42991,0.027855,1.6,-0.037189
0.00071049,0.43446,0.025484,-0.26889,1767.8,-0.022079,0,0.17107,633.44,519.4,0.64453,0.4684,0.025005,1.6,-0.035493
0.00071362,0.42674,0.025748,-0.27157,1774.1,-0.021684,0,0.17169,637.71,520.61,0.63465,0.4849,0.024,1.6,-0.034858
0.00072114,0.40366,0.026044,-0.277,1788.5,-0.020694,0,0.17321,648.72,524.07,0.60586,0.52739,0.02157,1.6,-0.033266
0.00072667,0.38418,0.026475,-0.27883,1798.7,-0.019923,0,0.17429,657.2,526.88,0.58167,0.56015,0.019828,1.6,-0.032027
0.00075589,0.27675,0.027845,-0.26763,1852.9,-0.01653,0,0.17838,701.74,540.85,0.44792,0.73212,0.013247,1.6,-0.026573
0.00074872,0.30504,0.027705,-0.27436,1839.8,-0.017335,0,0.1775,690.57,537.32,0.4838,0.68897,0.014667,1.6,-0.027866
0.00068627,0.4905,0.024253,-0.24452,1719.4,-0.025639,0,0.16462,600.04,509.38,0.72255,0.33946,0.035374,1.6,-0.041215
0.00068553,0.49176,0.024233,-0.24379,1717.9,-0.025738,0,0.16442,599.08,509.11,0.72456,0.33575,0.035693,1.6,-0.041374
0.00073324,0.36041,0.026731,-0.27925,1810.8,-0.019114,0,0.17538,667.34,530.21,0.552,0.59928,0.018074,1.6,-0.030726
0.00074229,0.32959,0.027314,-0.27929,1828,-0.018099,0,0.17664,680.69,534.23,0.51477,0.65082,0.016054,1.6,-0.029095
0.00067617,0.50415,0.023824,-0.23439,1697.8,-0.026809,0,0.16219,587.52,506.2,0.74621,0.29111,0.039281,1.6,-0.043096
0.00067544,0.50502,0.023796,-0.23363,1696.2,-0.026888,0,0.16202,586.64,505.98,0.74779,0.2877,0.039554,1.6,-0.043223
0.00066532,0.51514,0.022803,-0.22198,1673.9,-0.02789,0,0.15978,574.79,503.31,0.76729,0.24198,0.043155,1.6,-0.044834
0.00066448,0.51599,0.022671,-0.22097,1672,-0.027971,0,0.15959,573.81,503.09,0.7689,0.23817,0.043451,1.6,-0.044964
0.00066364,0.51729,0.022548,-0.21984,1670.2,-0.028093,0,0.1593,572.72,502.77,0.77119,0.23399,0.043917,1.6,-0.04516
0.00065786,0.52803,0.021504,-0.21182,1658.6,-0.029049,0,0.15701,564.87,500.24,0.78935,0.20368,0.047609,1.6,-0.046696
0.00065138,0.53758,0.020757,-0.20125,1644.9,-0.030056,0,0.15441,556.66,497.86,0.80621,0.17195,0.05179,1.6,-0.048316
0.00065083,0.53839,0.020693,-0.20033,1643.7,-0.030144,0,0.15418,555.96,497.66,0.80764,0.16925,0.052156,1.6,-0.048457
0.00065013,0.53922,0.020635,-0.19901,1642.2,-0.030259,0,0.15386,555.11,497.44,0.80919,0.16598,0.052672,1.6,-0.048641
0.00064477,0.5471,0.019825,-0.18848,1630.9,-0.03125,0,0.15109,548.35,495.47,0.82296,0.1399,0.057116,1.6,-0.050235
0.00064068,0.55158,0.019347,-0.17994,1621.8,-0.032017,0,0.14878,543.52,494.23,0.83148,0.12124,0.060828,1.6,-0.051468
0.0006389,0.55362,0.019088,-0.17609,1617.9,-0.032361,0,0.14774,541.41,493.68,0.83528,0.11307,0.0625,1.6,-0.05202
0.00063695,0.55642,0.018839,-0.17125,1613.8,-0.032865,0,0.1461,538.95,492.95,0.84029,0.10361,0.065143,1.6,-0.052832
0.00063445,0.55936,0.018375,-0.16536,1608.3,-0.033429,0,0.14427,535.95,492.14,0.84581,0.092019,0.06809,1.6,-0.053737
0.00063229,0.56229,0.018055,-0.15953,1603.6,-0.034052,0,0.14208,533.27,491.35,0.85117,0.081678,0.071612,1.6,-0.054739
0.00063062,0.56463,0.017725,-0.15493,1600,-0.03454,0,0.14037,531.19,490.73,0.85537,0.073622,0.074358,1.6,-0.055523
0.00063016,0.56553,0.017677,-0.15343,1599.1,-0.034729,0,0.13967,530.55,490.5,0.8569,0.071162,0.075477,1.6,-0.055827
0.00062776,0.57092,0.017067,-0.14519,1594.3,-0.035883,0,0.13528,527.08,489.15,0.86592,0.057751,0.082538,1.6,-0.057682
0.00062653,0.57204,0.01687,-0.14232,1591.6,-0.036236,0,0.13389,525.63,488.76,0.86852,0.052153,0.08477,1.6,-0.05825
0.00062412,0.57404,0.016626,-0.13696,1586.3,-0.037071,0,0.13041,522.81,488.01,0.87358,0.041283,0.090371,1.6,-0.059592
0.00062216,0.57576,0.016345,-0.1325,1582,-0.037749,0,0.1276,520.49,487.39,0.8778,0.032322,0.094884,1.6,-0.060682
0.00062043,0.57581,0.0162,-0.12957,1577.9,-0.038154,0,0.12579,518.78,487.13,0.8796,0.025699,0.097791,1.6,-0.061333
0.00061533,0.57574,0.01585,-0.12116,1565.8,-0.039321,0,0.12048,513.74,486.4,0.88473,0.0062404,0.10632,1.6,-0.063208
0.00060933,0.57427,0.015682,-0.1119,1551.5,-0.040722,0,0.11355,508.16,485.85,0.88896,-0.015293,0.11747,1.6,-0.065461
0.00060805,0.57401,0.015651,-0.1099,1548.4,-0.041036,0,0.11198,506.95,485.72,0.88997,-0.019967,0.12,1.6,-0.065965
0.00060129,0.57323,0.015624,-0.099748,1532.7,-0.042775,0,0.10247,500.41,484.84,0.8968,-0.045208,0.13527,1.6,-0.068762
0.0006057,0.57376,0.015654,-0.10633,1543,-0.041633,0,0.10871,504.68,485.41,0.89238,-0.028736,0.12525,1.6,-0.066925
0.00059958,0.57522,0.015674,-0.096861,1529.4,-0.043454,0,0.098403,498.19,484.06,0.90241,-0.05379,0.14182,1.6,-0.069852
0.00059674,0.57869,0.015749,-0.092011,1524,-0.044658,0,0.091177,494.44,482.71,0.91203,-0.068254,0.15343,1.6,-0.071788
0.00059289,0.58359,0.015849,-0.086236,1516.6,-0.045943,0,0.082723,489.15,480.64,0.92621,-0.088691,0.16702,1.6,-0.073854
0.00059184,0.58514,0.015886,-0.084619,1514.6,-0.046311,0,0.080298,487.65,480.02,0.93044,-0.094483,0.17092,1.6,-0.074445
0.00059004,0.58992,0.015972,-0.08171,1511.8,-0.047003,0,0.07524,484.39,478.26,0.94197,-0.10705,0.17905,1.6,-0.075558
0.00058725,0.59767,0.016123,-0.077116,1507.6,-0.04811,0,0.067181,479.25,475.44,0.96044,-0.1269,0.19201,1.6,-0.077337
0.00058654,0.59932,0.016153,-0.076033,1506.4,-0.048361,0,0.065338,478.02,474.8,0.96458,-0.13164,0.19497,1.6,-0.07774
0.00058607,0.60442,0.016176,-0.074504,1506.8,-0.048833,0,0.061372,476,473.17,0.97495,-0.13944,0.20134,1.6,-0.0785
0.00058421,0.62473,0.01632,-0.068422,1508.2,-0.05071,0,0.045631,467.97,466.67,1.0162,-0.17047,0.22665,1.6,-0.081518
0.00058298,0.63767,0.016346,-0.063893,1509.1,-0.051831,0,0.034489,462.55,462.23,1.0436,-0.19138,0.24456,1.6,-0.083318
0.00058194,0.65131,0.01638,-0.059418,1510.5,-0.052983,0,0.023018,457.1,457.61,1.0721,-0.21242,0.263,1.6,-0.085171
0.00052784,0.10544,-0.002144,0.010423,1747.5,-0.0078227,0,-0.52267,694.74,766.82,0.14795,0.70509,1.1402,1.6,-0.012575
0.00052263,0.10511,-0.0017266,0.011642,1735.2,-0.0089499,0,-0.51246,689.78,768.89,0.14889,0.68594,1.1238,1.6,-0.014387
0.00047773,0.10641,2.6591e-05,0.016662,1547.1,-0.014308,0,-0.47787,613.99,748.75,0.16807,0.39331,1.0682,1.6,-0.023001
0.00047765,0.10641,2.8717e-05,0.01667,1546.7,-0.014317,0,-0.47782,613.84,748.69,0.16811,0.39273,1.0681,1.6,-0.023014
0.00051704,0.10514,-0.0015302,0.012335,1712.6,-0.0095333,0,-0.50832,680.68,766.93,0.15089,0.65081,1.1171,1.6,-0.015325
0.00047569,0.10648,8.0287e-05,0.01685,1537.2,-0.014567,0,-0.47649,609.98,746.88,0.1693,0.37784,1.066,1.6,-0.023417
0.00057845,0.71157,0.016175,-0.039109,1520.2,-0.057175,0,-0.034421,432.36,435.45,1.2047,-0.30797,0.35533,1.6,-0.091909
0.00058031,0.6879,0.016412,-0.047823,1517.3,-0.055744,0,-0.01152,442.91,444.64,1.15,-0.2672,0.31852,1.6,-0.089609
0.00057196,0.73298,0.01555,-0.025515,1513,-0.058653,0,-0.067259,417.01,424.76,1.2696,-0.36719,0.40812,1.6,-0.094285
0.00057691,0.72023,0.015986,-0.034909,1519.5,-0.057721,0,-0.045057,427.43,431.63,1.2277,-0.32698,0.37243,1.6,-0.092787
0.00055918,0.73569,0.014645,-0.010981,1488.4,-0.059544,0,-0.10369,401.66,418.46,1.3125,-0.42648,0.46668,1.6,-0.095718
0.00056878,0.73609,0.015292,-0.021074,1507.6,-0.058999,0,-0.078062,412.25,422.25,1.2856,-0.38558,0.42549,1.6,-0.094842
0.00058112,0.67498,0.016441,-0.052248,1515.4,-0.05481,0,0.0007406,448.25,449.38,1.1216,-0.24659,0.29881,1.6,-0.088107
0.0005356,0.70767,0.013414,0.0033136,1433.4,-0.059739,0,-0.13995,386.27,420.17,1.3152,-0.48589,0.52497,1.6,-0.096032
0.00055452,0.73194,0.014361,-0.0074281,1478.2,-0.059663,0,-0.11296,397.95,418.09,1.3172,-0.44082,0.48159,1.6,-0.095908
0.00049449,0.63755,0.011696,0.017711,1329.2,-0.059199,0,-0.17369,367.09,432.53,1.2652,-0.55996,0.57921,1.6,-0.095163
0.00052851,0.69656,0.013082,0.0064017,1415.9,-0.059689,0,-0.14736,382.65,421.85,1.3093,-0.49986,0.53688,1.6,-0.095951
0.00040192,0.19187,0.0040666,0.031252,1163,-0.04456,0,-0.32262,446.33,646.84,0.38857,-0.25402,0.81861,1.6,-0.07163
0.00036396,0.22339,0.0046321,0.033924,1028.1,-0.048294,0,-0.29925,383.04,612.86,0.51277,-0.49837,0.78105,1.6,-0.077634
0.00043443,0.52227,0.0094709,0.028826,1170.2,-0.0579,0,-0.20517,342.06,458.87,1.1465,-0.65659,0.62982,1.6,-0.093076
0.00048443,0.61898,0.011291,0.020175,1303,-0.059013,0,-0.17984,362.77,436.4,1.2484,-0.57664,0.5891,1.6,-0.094864
0.00035713,0.23204,0.0047728,0.034453,1002.1,-0.049051,0,-0.29409,369.91,603.28,0.54649,-0.54907,0.77275,1.6,-0.07885
0.00034227,0.28175,0.0055312,0.035164,936.44,-0.052242,0,-0.27001,327.32,557.1,0.71772,-0.7135,0.73404,1.6,-0.083979
0.000425,0.15989,0.0033681,0.028993,1233.3,-0.039669,0,-0.34982,480.88,659.18,0.30391,-0.12062,0.86235,1.6,-0.063769
0.00040842,0.18613,0.0039533,0.030848,1184.7,-0.043733,0,-0.32745,456.38,650.94,0.36971,-0.21521,0.82637,1.6,-0.070301
0.00037403,0.39391,0.0072931,0.033935,1008.8,-0.055801,0,-0.23528,319.85,498.38,0.96568,-0.74235,0.67822,1.6,-0.0897
0.00042273,0.49875,0.0090378,0.030203,1138.9,-0.057584,0,-0.21067,337.35,465.16,1.1177,-0.67479,0.63865,1.6,-0.092566
0.00034309,0.29522,0.0057443,0.035153,934.98,-0.052853,0,-0.26482,322.35,547.45,0.75575,-0.73267,0.72569,1.6,-0.084962
0.000366,0.37407,0.0069611,0.034335,988.1,-0.055344,0,-0.24052,318,506.39,0.93029,-0.74947,0.68664,1.6,-0.088966
0.00041194,0.12952,0.002592,0.02673,1180.9,-0.034135,0,-0.37808,463.87,656.01,0.25571,-0.18631,0.90777,1.6,-0.054873
0.00042475,0.15496,0.0032491,0.028639,1230.6,-0.038882,0,-0.35398,480.54,659.1,0.29478,-0.12192,0.86902,1.6,-0.062504
0.00040658,0.11374,0.0019859,0.023987,1180.7,-0.027546,0,-0.41025,465.61,667.17,0.22584,-0.17956,0.95948,1.6,-0.044281
0.00041035,0.12717,0.002518,0.026504,1176,-0.033508,0,-0.38119,462.19,656.19,0.25211,-0.19278,0.91276,1.6,-0.053865
0.00043147,0.10816,0.001245,0.020904,1322.1,-0.020186,0,-0.44652,523.2,706.39,0.19602,0.042768,1.0178,1.6,-0.032449
0.00043002,0.10826,0.0012841,0.021034,1314.6,-0.020427,0,-0.4453,520.2,704.73,0.19711,0.031191,1.0158,1.6,-0.032836
0.0004072,0.11334,0.0019546,0.023842,1184.7,-0.027199,0,-0.41194,467.27,668.5,0.22447,-0.17317,0.96219,1.6,-0.043722
0.00058093,0.6814,0.016472,-0.050333,1516.8,-0.055298,0,-0.0050909,445.91,447.17,1.1349,-0.25565,0.30818,1.6,-0.088892
